Snoday,Hadria,US,I,9/13/2006,1
Cabbell,Carole,BR,II,5/11/1995,2
Skeete,Westleigh,NE,III,3/15/1980,3
Van Bruggen,Kirsteni,IT,NM,8/18/2013,4
Monkhouse,Chicky,GA,IM,5/26/2006,5
Adin,Prue,ID,NM,9/1/2018,6
Apedaile,Gilles,TD,II,9/9/1992,7
Parkin,Ki,CD,III,6/13/1990,8
Dibnah,Raina,BR,I,5/11/1980,9
Kubalek,Wrennie,US,NM,3/19/2019,10
Plows,Edie,AU,IM,8/26/1991,11
Nayshe,Rafferty,GL,IM,7/24/1990,12
Speck,Ketty,PT,II,1/20/2005,13
Ivanusyev,Keary,FR,IM,2/13/2002,14
Kendle,Vincenz,CO,III,12/19/1992,15
Longhorne,Ian,BR,I,8/15/2012,16
Jefferies,Bevvy,US,II,2/21/2020,17
Duiguid,Colene,RU,NM,1/5/2002,18
Gallone,Brook,IN,I,6/25/1995,19
Roxbee,Lawton,ID,II,10/1/2004,20
Wymer,Lacey,SB,IM,5/24/1972,21
Blankhorn,Ekaterina,PK,I,10/12/2012,22
Mathely,Florinda,CN,I,3/7/2003,23
Hilliam,Modestine,TG,I,1/17/2012,24
Frankiss,Ev,CL,II,2/8/2020,25
Orehead,Joletta,CL,IM,11/26/1973,26
Dumbrill,Evania,PG,NM,4/21/2006,27
O'Carmody,Tandy,IR,IM,9/23/2014,28
Troker,Kirbie,ET,I,1/28/1983,29
Adriani,Adeline,AO,III,2/19/2006,30
Raittie,Geoffrey,BR,I,6/26/1999,31
Gallichiccio,Electra,CO,II,8/16/1981,32
Charteris,Ilise,AU,IM,5/17/2003,33
Rooson,Shaine,IN,NM,3/13/2001,34
Pluvier,Vickie,CO,IM,10/1/2014,35
Biasini,Nellie,FR,IM,3/8/1993,36
Jenney,Gerrie,US,I,1/14/2009,37
Ekkel,Brooke,TH,NM,1/12/1989,38
Webby,Tiertza,US,I,1/18/1975,39
ducarme,Nerta,PG,II,4/25/1975,40
Husby,Killian,ES,IM,2/22/2018,41
Sconce,Catlin,US,NM,8/20/1994,42
Jowett,Levon,AU,I,12/20/2014,43
Eckert,Menard,PT,III,9/17/1984,44
Alennikov,Erv,MN,NM,4/2/1979,45
Schleicher,Brook,US,IM,8/7/1992,46
Canny,Fanny,RU,IM,1/21/1978,47
Shutte,Janene,PK,II,4/5/1985,48
McVeigh,Rochella,AU,I,12/11/1976,49
Laybourn,Almeda,US,III,6/14/2013,50
